{
    "model_type": "MULTIMER",
    "IRMSD": [
        0.6567046046257019,
        0.5261275172233582,
        18.13803482055664,
        1.398719072341919,
        0.21573983132839203,
        13.092856407165527,
        4.1986260414123535,
        12.940872192382812,
        0.46731436252593994,
        22.704750061035156,
        0.3686566948890686,
        0.539555013179779,
        18.591527938842773,
        0.234415665268898,
        0.32120266556739807,
        0.683411717414856,
        1.4372220039367676,
        13.791971206665039,
        12.954340934753418,
        8.865166664123535,
        2.0798416137695312,
        13.953263282775879,
        23.003076553344727,
        0.2119510918855667
    ],
    "CRMSD": [
        1.5612123012542725,
        0.9338353276252747,
        20.383724212646484,
        1.5834550857543945,
        0.1530078500509262,
        17.11275291442871,
        6.060765743255615,
        10.430632591247559,
        0.5932857394218445,
        19.772592544555664,
        0.40559151768684387,
        1.3372434377670288,
        13.62529182434082,
        0.24421297013759613,
        0.4864731729030609,
        0.69143146276474,
        0.7729832530021667,
        15.707767486572266,
        14.14948844909668,
        11.916891098022461,
        2.3912720680236816,
        15.537347793579102,
        13.837373733520508,
        0.24939505755901337
    ],
    "TMscore": [
        1.0,
        1.0,
        1.0,
        1.0,
        1.0,
        1.0,
        1.0,
        1.0,
        1.0,
        1.0,
        1.0,
        1.0,
        1.0,
        1.0,
        1.0,
        1.0,
        1.0,
        1.0,
        1.0,
        1.0,
        1.0,
        1.0,
        1.0,
        1.0
    ],
    "DockQ": [
        0.736,
        0.903,
        0.01,
        0.693,
        0.99,
        0.031,
        0.233,
        0.04,
        0.937,
        0.01,
        0.982,
        0.842,
        0.015,
        0.969,
        0.954,
        0.87,
        0.687,
        0.014,
        0.014,
        0.069,
        0.57,
        0.015,
        0.013,
        0.97
    ],
    "intersection": [
        1.117855591249527,
        0.8390565671276822,
        0.8199003098938162,
        0.9257101588404433,
        1.3994511584012397,
        17.797564064975237,
        2.2929805312612164,
        0.6076113213212953,
        1.1249761749496014,
        0.0,
        0.8254741607628037,
        0.33873917312527857,
        3.9645437758561144,
        2.5734861039206334,
        2.6629456587587392,
        3.5134656135124733,
        0.5548516359534641,
        5.055650187882923,
        3.1718654039578835,
        9.367795573947241,
        2.9816104332405526,
        2.2297943941066203,
        0.0,
        0.6030756674876971
    ]
}