{
    "model_type": "HDOCK",
    "IRMSD": [
        0.2998169958591461,
        0.2898942828178406,
        0.2722887098789215,
        0.3919670581817627,
        0.16271601617336273,
        0.30940669775009155,
        0.29022425413131714,
        0.2044949233531952,
        0.2600455582141876,
        19.50396728515625,
        11.042925834655762,
        0.18997423350811005,
        21.871583938598633,
        0.23481494188308716,
        0.14007410407066345,
        0.14895404875278473,
        0.18120360374450684,
        0.21417966485023499,
        12.923587799072266,
        0.34499865770339966,
        0.36882200837135315,
        0.22238363325595856,
        18.33113670349121,
        0.20929695665836334,
        0.288578063249588
    ],
    "CRMSD": [
        0.6298201680183411,
        0.3413635790348053,
        0.2847538888454437,
        0.40022268891334534,
        0.273054301738739,
        0.4630335867404938,
        0.24046486616134644,
        0.2437673658132553,
        0.24844947457313538,
        17.236101150512695,
        12.948112487792969,
        0.4513550400733948,
        24.934232711791992,
        0.2875654399394989,
        0.1103871688246727,
        0.32721132040023804,
        0.1299257129430771,
        0.14948523044586182,
        14.016653060913086,
        0.31581902503967285,
        0.37163880467414856,
        0.2732716500759125,
        18.429540634155273,
        0.15069308876991272,
        0.36235496401786804
    ],
    "TMscore": [
        1.0,
        1.0,
        1.0,
        1.0,
        1.0,
        1.0,
        1.0,
        1.0,
        1.0,
        1.0,
        1.0,
        1.0,
        1.0,
        1.0,
        1.0,
        1.0,
        1.0,
        1.0,
        1.0,
        1.0,
        1.0,
        1.0,
        1.0,
        1.0,
        1.0
    ],
    "DockQ": [
        0.925,
        0.974,
        0.986,
        0.963,
        0.981,
        0.971,
        0.987,
        0.982,
        0.989,
        0.013,
        0.055,
        0.981,
        0.007,
        0.988,
        0.99,
        0.989,
        0.991,
        0.991,
        0.019,
        0.982,
        0.971,
        1.055,
        0.01,
        0.993,
        0.976
    ],
    "intersection": [
        1.2757713854489152,
        0.658859052434719,
        1.0752609504480821,
        1.424604086224085,
        1.3680499046393906,
        0.609869768827565,
        1.1239735637475112,
        0.8086810908388824,
        2.6987555058974095,
        1.2120917818886838,
        0.023364838702386096,
        0.7782379775833734,
        0.6379458337918658,
        1.5608340882053646,
        2.599553698504493,
        2.730565852055106,
        3.8080250479930546,
        1.7221431920861683,
        0.33815135849122485,
        1.8111191497583023,
        1.2625535021904823,
        2.1806407443023312,
        1.2230494264109355,
        1.6467211519648157,
        0.9824832599732531
    ]
}