{
    "model_type": "EQUIDOCK",
    "IRMSD": [
        13.219599723815918,
        14.344316482543945,
        10.191431045532227,
        14.181768417358398,
        10.418923377990723,
        13.969088554382324,
        11.544246673583984,
        29.12345314025879,
        12.025731086730957,
        13.169474601745605,
        10.905499458312988,
        17.66806983947754,
        10.428131103515625,
        14.656110763549805,
        9.607714653015137,
        12.246513366699219,
        10.123320579528809,
        25.850120544433594,
        18.043277740478516,
        11.272686004638672,
        11.970754623413086,
        7.718247890472412,
        9.996941566467285,
        11.201605796813965,
        6.938296318054199
    ],
    "CRMSD": [
        18.000411987304688,
        19.929841995239258,
        12.13551139831543,
        15.791864395141602,
        7.748635292053223,
        19.02958106994629,
        10.795600891113281,
        31.470901489257812,
        10.197624206542969,
        17.453828811645508,
        12.513419151306152,
        18.932279586791992,
        16.158742904663086,
        16.367948532104492,
        11.936388969421387,
        9.573854446411133,
        8.0826416015625,
        15.270465850830078,
        23.615663528442383,
        14.067830085754395,
        10.14239501953125,
        14.135857582092285,
        16.029441833496094,
        8.142236709594727,
        10.628353118896484
    ],
    "TMscore": [
        1.0,
        1.0,
        1.0,
        1.0,
        1.0,
        1.0,
        1.0,
        1.0,
        1.0,
        1.0,
        1.0,
        1.0,
        1.0,
        1.0,
        1.0,
        1.0,
        1.0,
        1.0,
        1.0,
        1.0,
        1.0,
        1.0,
        1.0,
        1.0,
        1.0
    ],
    "DockQ": [
        0.021,
        0.013,
        0.057,
        0.042,
        0.056,
        0.024,
        0.032,
        0.005,
        0.052,
        0.022,
        0.041,
        0.023,
        0.015,
        0.022,
        0.036,
        0.05,
        0.096,
        0.009,
        0.011,
        0.053,
        0.098,
        0.06,
        0.016,
        0.092,
        0.15
    ],
    "intersection": [
        20.137167679445312,
        22.94281371132943,
        35.300096459255016,
        20.560116267288024,
        7.521853788662129,
        20.8428282798804,
        0.0,
        54.80330906200017,
        11.750600586017057,
        35.75035860378264,
        11.546589067228993,
        14.771926021480484,
        23.573506904056295,
        42.69487872558203,
        35.93228889731313,
        20.91677431818997,
        2.821741733669688,
        26.933452912923165,
        27.162762691442133,
        14.639442698718163,
        13.148025403561377,
        22.5784283617485,
        2.347851346916164,
        20.41620225542314,
        16.82532144465402
    ]
}