{
    "model_type": "DIFFDOCK-PP",
    "IRMSD": [
        12.062450408935547,
        23.216806411743164,
        19.027530670166016,
        21.937162399291992,
        10.883414268493652,
        67.50499725341797,
        15.689714431762695,
        12.825936317443848,
        7.638554096221924,
        14.498297691345215,
        16.019359588623047,
        12.804143905639648,
        17.66651153564453,
        16.868471145629883,
        15.516161918640137,
        7.647518157958984,
        18.20793914794922,
        22.162479400634766,
        11.728309631347656,
        13.161270141601562,
        15.97999095916748,
        14.603384971618652,
        7.659633159637451,
        9.826744079589844
    ],
    "CRMSD": [
        14.823897361755371,
        23.302947998046875,
        16.560962677001953,
        15.91804313659668,
        9.956358909606934,
        47.406158447265625,
        11.849676132202148,
        10.402411460876465,
        13.477643013000488,
        14.003341674804688,
        20.932737350463867,
        17.199003219604492,
        17.728357315063477,
        14.214825630187988,
        9.553544044494629,
        6.3064398765563965,
        10.999634742736816,
        22.629886627197266,
        13.097905158996582,
        10.119874000549316,
        19.917234420776367,
        15.543269157409668,
        4.350759506225586,
        9.762860298156738
    ],
    "TMscore": [
        1.0,
        1.0,
        1.0,
        1.0,
        1.0,
        1.0,
        1.0,
        1.0,
        1.0,
        1.0,
        1.0,
        1.0,
        1.0,
        1.0,
        1.0,
        1.0,
        1.0,
        1.0,
        1.0,
        1.0,
        1.0,
        1.0,
        1.0,
        1.0
    ],
    "DockQ": [
        0.043,
        0.011,
        0.018,
        0.025,
        0.034,
        0.001,
        0.034,
        0.032,
        0.046,
        0.04,
        0.016,
        0.025,
        0.01,
        0.018,
        0.057,
        0.112,
        0.018,
        0.009,
        0.015,
        0.047,
        0.008,
        0.013,
        0.147,
        0.048
    ],
    "intersection": [
        0.6708564033370374,
        3.4916870385493057,
        25.308969643975008,
        0.0,
        14.052499601294382,
        0.0,
        0.0,
        3.269286668074197,
        20.562512215446304,
        6.922872360949912,
        32.97756918117994,
        0.0,
        7.636132191333347,
        12.526569848682136,
        0.3786572233255746,
        0.7793156806949533,
        35.996081259144106,
        9.961132600045612,
        0.0,
        7.410134038113149,
        9.68055264477362,
        4.442877277638196,
        1.3138163510223222,
        6.574256432602719
    ]
}