{
    "model_type": "ELLIDOCK",
    "IRMSD": [
        6.071145534515381,
        7.764603137969971,
        10.49111270904541,
        11.996495246887207,
        12.604570388793945,
        9.465431213378906,
        12.936731338500977,
        10.7385835647583,
        18.27019500732422,
        11.408742904663086,
        13.305380821228027,
        15.06988525390625,
        8.352104187011719,
        11.229207038879395,
        13.559998512268066,
        7.972594261169434,
        13.060662269592285,
        35.01469802856445,
        14.430400848388672,
        10.143773078918457,
        4.982545375823975,
        12.905916213989258,
        13.958287239074707,
        12.497349739074707,
        5.654830455780029,
        10.836925506591797,
        8.351592063903809,
        16.36918830871582,
        14.712890625,
        9.995375633239746,
        9.93040657043457,
        6.481508255004883,
        18.948503494262695,
        10.064962387084961,
        12.261678695678711,
        7.96895694732666,
        11.932198524475098,
        11.823709487915039,
        6.086799144744873,
        8.89167594909668,
        9.053374290466309,
        12.925501823425293,
        10.082610130310059,
        16.528152465820312,
        7.136967658996582,
        9.191500663757324,
        3.151059627532959,
        12.178101539611816,
        14.135370254516602,
        16.101016998291016,
        15.468531608581543,
        6.136610984802246,
        9.634334564208984,
        13.415226936340332
    ],
    "CRMSD": [
        8.237646102905273,
        5.943380355834961,
        11.606635093688965,
        14.269805908203125,
        14.612432479858398,
        10.620989799499512,
        11.152117729187012,
        8.36349868774414,
        16.56590461730957,
        15.926247596740723,
        21.746137619018555,
        15.523482322692871,
        7.493616104125977,
        25.61908531188965,
        18.689537048339844,
        9.291760444641113,
        12.685834884643555,
        33.92222595214844,
        18.970922470092773,
        9.454310417175293,
        6.092737674713135,
        16.496604919433594,
        14.982901573181152,
        11.475088119506836,
        5.3371500968933105,
        11.147135734558105,
        10.123160362243652,
        23.498260498046875,
        22.227506637573242,
        9.056597709655762,
        12.326516151428223,
        3.830510377883911,
        23.896142959594727,
        11.187600135803223,
        13.675741195678711,
        10.373856544494629,
        11.47390365600586,
        18.46909523010254,
        6.454684257507324,
        9.490373611450195,
        6.969818592071533,
        21.44052505493164,
        9.402546882629395,
        19.711679458618164,
        8.63590145111084,
        13.240819931030273,
        3.1001129150390625,
        10.985882759094238,
        12.468016624450684,
        26.772884368896484,
        16.437734603881836,
        5.9329915046691895,
        9.035656929016113,
        17.254127502441406
    ],
    "TMscore": [
        1.0,
        1.0,
        1.0,
        1.0,
        1.0,
        1.0,
        1.0,
        1.0,
        1.0,
        1.0,
        1.0,
        1.0,
        1.0,
        1.0,
        1.0,
        1.0,
        1.0,
        1.0,
        1.0,
        1.0,
        1.0,
        1.0,
        1.0,
        1.0,
        1.0,
        1.0,
        1.0,
        1.0,
        1.0,
        1.0,
        1.0,
        1.0,
        1.0,
        1.0,
        1.0,
        1.0,
        1.0,
        1.0,
        1.0,
        1.0,
        1.0,
        1.0,
        1.0,
        1.0,
        1.0,
        1.0,
        1.0,
        1.0,
        1.0,
        1.0,
        1.0,
        1.0,
        1.0,
        1.0
    ],
    "DockQ": [
        0.179,
        0.145,
        0.052,
        0.095,
        0.032,
        0.063,
        0.051,
        0.087,
        0.033,
        0.026,
        0.052,
        0.035,
        0.11,
        0.018,
        0.088,
        0.128,
        0.042,
        0.003,
        0.023,
        0.055,
        0.303,
        0.009,
        0.045,
        0.066,
        0.307,
        0.074,
        0.066,
        0.008,
        0.019,
        0.098,
        0.046,
        0.21,
        0.015,
        0.052,
        0.039,
        0.066,
        0.045,
        0.027,
        0.224,
        0.041,
        0.104,
        0.039,
        0.082,
        0.027,
        0.07,
        0.066,
        0.467,
        0.097,
        0.088,
        0.011,
        0.019,
        0.156,
        0.075,
        0.036
    ],
    "intersection": [
        14.560891151428223,
        10.266105651855469,
        5.02919340133667,
        9.182279586791992,
        12.079357147216797,
        4.972587585449219,
        8.040620803833008,
        1.6855171918869019,
        6.648128509521484,
        16.170318603515625,
        5.057582378387451,
        4.086888313293457,
        17.264192581176758,
        3.639549493789673,
        4.388745307922363,
        5.307794094085693,
        7.79854154586792,
        9.11946964263916,
        19.559785842895508,
        18.82497215270996,
        9.997777938842773,
        5.843562602996826,
        14.897971153259277,
        4.943852424621582,
        15.648626327514648,
        10.782320976257324,
        16.927518844604492,
        13.18398666381836,
        3.206057071685791,
        16.569133758544922,
        25.04932403564453,
        19.56084442138672,
        14.376023292541504,
        10.381729125976562,
        11.545766830444336,
        7.735337257385254,
        2.135651111602783,
        20.625762939453125,
        13.224594116210938,
        10.865813255310059,
        5.513845443725586,
        10.415487289428711,
        11.542047500610352,
        18.169675827026367,
        10.623093605041504,
        11.235128402709961,
        4.056463718414307,
        16.300270080566406,
        17.024913787841797,
        3.1326379776000977,
        5.327019214630127,
        1.0582486391067505,
        3.7762227058410645,
        21.769302368164062
    ]
}