{
    "model_type": "ELLIDOCK",
    "IRMSD": [
        5.789656639099121,
        6.835049152374268,
        9.447254180908203,
        12.693746566772461,
        5.661291599273682,
        12.180964469909668,
        13.512032508850098,
        8.782779693603516,
        6.940178871154785,
        6.19389533996582,
        15.1644868850708,
        13.72686767578125,
        6.417566776275635,
        14.146116256713867,
        10.680893898010254,
        4.159539699554443,
        9.945706367492676,
        10.394015312194824,
        14.697637557983398,
        5.1338090896606445,
        12.796119689941406,
        19.77996063232422,
        5.395069122314453,
        8.138649940490723,
        5.985668182373047,
        10.467692375183105,
        7.556253910064697,
        13.265954971313477,
        5.322558879852295,
        11.709952354431152,
        13.266949653625488,
        6.966733455657959,
        14.210968017578125,
        11.000022888183594,
        13.529768943786621,
        8.949116706848145,
        11.867362022399902,
        9.8856840133667,
        13.227919578552246,
        5.506249904632568,
        10.425827026367188,
        16.61359405517578,
        5.229179859161377,
        6.647267818450928,
        8.877950668334961,
        14.567471504211426,
        17.37654685974121,
        11.213702201843262,
        4.646447658538818,
        9.21479606628418,
        1.3618738651275635,
        13.484235763549805,
        14.229798316955566,
        14.453863143920898
    ],
    "CRMSD": [
        7.8527512550354,
        8.578529357910156,
        11.353937149047852,
        16.114212036132812,
        6.40327262878418,
        19.752178192138672,
        11.723210334777832,
        9.280980110168457,
        6.344748497009277,
        6.745190620422363,
        23.103090286254883,
        16.2506103515625,
        8.424747467041016,
        20.953649520874023,
        9.867962837219238,
        4.191030502319336,
        13.457901000976562,
        7.8080854415893555,
        16.71403694152832,
        5.236037254333496,
        22.499759674072266,
        28.50815200805664,
        6.44087028503418,
        10.600399017333984,
        7.066402912139893,
        11.294294357299805,
        6.75142240524292,
        19.946901321411133,
        5.681766986846924,
        10.8098726272583,
        16.198896408081055,
        4.444266319274902,
        19.098939895629883,
        13.91300106048584,
        14.78187370300293,
        8.723522186279297,
        18.425840377807617,
        11.697132110595703,
        13.461977005004883,
        5.6303839683532715,
        10.838993072509766,
        29.341068267822266,
        4.82266902923584,
        6.739502906799316,
        11.705636024475098,
        20.84990119934082,
        19.827234268188477,
        10.516408920288086,
        4.6214213371276855,
        18.560720443725586,
        6.70712947845459,
        15.561898231506348,
        11.812723159790039,
        15.228104591369629
    ],
    "TMscore": [
        1.0,
        1.0,
        1.0,
        1.0,
        1.0,
        1.0,
        1.0,
        1.0,
        1.0,
        1.0,
        1.0,
        1.0,
        1.0,
        1.0,
        1.0,
        1.0,
        1.0,
        1.0,
        1.0,
        1.0,
        1.0,
        1.0,
        1.0,
        1.0,
        1.0,
        1.0,
        1.0,
        1.0,
        1.0,
        1.0,
        1.0,
        1.0,
        1.0,
        1.0,
        1.0,
        1.0,
        1.0,
        1.0,
        1.0,
        1.0,
        1.0,
        1.0,
        1.0,
        1.0,
        1.0,
        1.0,
        1.0,
        1.0,
        1.0,
        1.0,
        1.0,
        1.0,
        1.0,
        1.0
    ],
    "DockQ": [
        0.193,
        0.138,
        0.066,
        0.047,
        0.16,
        0.071,
        0.058,
        0.072,
        0.158,
        0.11,
        0.021,
        0.037,
        0.102,
        0.019,
        0.065,
        0.295,
        0.066,
        0.078,
        0.028,
        0.268,
        0.019,
        0.004,
        0.306,
        0.079,
        0.198,
        0.089,
        0.142,
        0.015,
        0.293,
        0.063,
        0.024,
        0.156,
        0.021,
        0.069,
        0.033,
        0.07,
        0.056,
        0.06,
        0.045,
        0.207,
        0.051,
        0.027,
        0.309,
        0.177,
        0.06,
        0.024,
        0.026,
        0.092,
        0.262,
        0.035,
        0.213,
        0.045,
        0.046,
        0.035
    ],
    "intersection": [
        6.950665473937988,
        14.252222061157227,
        11.43968391418457,
        4.500223636627197,
        7.786873817443848,
        5.506274223327637,
        6.793686866760254,
        6.8281145095825195,
        6.335257530212402,
        5.858088493347168,
        13.378523826599121,
        10.72743034362793,
        11.575806617736816,
        0.01617441140115261,
        9.69847583770752,
        7.361105442047119,
        11.226728439331055,
        7.093636512756348,
        16.17172622680664,
        12.106709480285645,
        0.10897614061832428,
        24.054195404052734,
        9.00432300567627,
        10.686973571777344,
        9.709348678588867,
        18.339385986328125,
        3.22428035736084,
        4.400190353393555,
        8.647705078125,
        5.331367492675781,
        2.668149471282959,
        10.467833518981934,
        16.98866081237793,
        11.745270729064941,
        9.431819915771484,
        6.478551864624023,
        16.80042266845703,
        4.8160247802734375,
        17.15572738647461,
        8.690650939941406,
        4.5253214836120605,
        3.171489715576172,
        12.20102596282959,
        9.546228408813477,
        9.336568832397461,
        16.673646926879883,
        5.27592658996582,
        15.83267593383789,
        6.216245651245117,
        16.87238311767578,
        4.111283302307129,
        13.629289627075195,
        8.553138732910156,
        17.382776260375977
    ]
}