{
    "model_type": "MULTIMER",
    "IRMSD": [
        11.5494384765625,
        14.036151885986328,
        10.010757446289062,
        9.126958847045898,
        22.538856506347656,
        12.019725799560547,
        13.948923110961914,
        13.063236236572266,
        13.046366691589355,
        20.436656951904297,
        13.939934730529785,
        16.023277282714844,
        7.430548191070557,
        15.367377281188965,
        15.70589542388916,
        11.089553833007812,
        15.266997337341309,
        24.00436782836914,
        14.612029075622559,
        11.454773902893066,
        17.838516235351562,
        26.968177795410156,
        13.088421821594238,
        10.65537166595459,
        4.69083833694458,
        21.071136474609375,
        16.81230354309082,
        7.742968559265137,
        14.352797508239746,
        5.356559753417969,
        4.1980085372924805,
        6.7594075202941895,
        17.74347496032715,
        10.975397109985352,
        10.68716812133789,
        13.783524513244629,
        7.206321716308594,
        12.461191177368164,
        15.246798515319824,
        10.727252006530762,
        15.579703330993652,
        2.251500129699707,
        1.9578940868377686,
        11.628369331359863,
        11.05620002746582,
        10.357830047607422,
        15.82199764251709,
        0.7815667390823364,
        12.892356872558594,
        15.069046020507812,
        19.174274444580078,
        15.452988624572754,
        2.0699961185455322,
        10.434163093566895
    ],
    "CRMSD": [
        13.263715744018555,
        16.065908432006836,
        15.521794319152832,
        11.39595890045166,
        20.393396377563477,
        19.395795822143555,
        12.403586387634277,
        13.06324577331543,
        16.335302352905273,
        20.654436111450195,
        18.906423568725586,
        17.147335052490234,
        8.218382835388184,
        24.266342163085938,
        15.476481437683105,
        10.815855979919434,
        19.96599578857422,
        24.312631607055664,
        16.216981887817383,
        9.868879318237305,
        23.65765380859375,
        25.33933448791504,
        15.384145736694336,
        10.315299034118652,
        4.837998867034912,
        19.81908416748047,
        18.531648635864258,
        11.414983749389648,
        20.979677200317383,
        4.032359600067139,
        4.061824321746826,
        5.07243013381958,
        15.40341567993164,
        11.438420295715332,
        12.654029846191406,
        12.015283584594727,
        8.805136680603027,
        13.666282653808594,
        18.708459854125977,
        10.831647872924805,
        13.528773307800293,
        5.609879016876221,
        1.9059467315673828,
        17.340404510498047,
        11.470224380493164,
        12.094524383544922,
        24.777517318725586,
        0.6551564931869507,
        12.31173324584961,
        14.004474639892578,
        18.37806510925293,
        21.231307983398438,
        2.706613779067993,
        13.184844970703125
    ],
    "TMscore": [
        1.0,
        1.0,
        1.0,
        1.0,
        1.0,
        1.0,
        1.0,
        1.0,
        1.0,
        1.0,
        1.0,
        1.0,
        1.0,
        1.0,
        1.0,
        1.0,
        1.0,
        1.0,
        1.0,
        1.0,
        1.0,
        1.0,
        1.0,
        1.0,
        1.0,
        1.0,
        1.0,
        1.0,
        1.0,
        1.0,
        1.0,
        1.0,
        1.0,
        1.0,
        1.0,
        1.0,
        1.0,
        1.0,
        1.0,
        1.0,
        1.0,
        1.0,
        1.0,
        1.0,
        1.0,
        1.0,
        1.0,
        1.0,
        1.0,
        1.0,
        1.0,
        1.0,
        1.0,
        1.0
    ],
    "DockQ": [
        0.073,
        0.029,
        0.054,
        0.144,
        0.008,
        0.012,
        0.065,
        0.048,
        0.056,
        0.005,
        0.023,
        0.027,
        0.087,
        0.01,
        0.03,
        0.046,
        0.022,
        0.009,
        0.04,
        0.041,
        0.016,
        0.004,
        0.06,
        0.06,
        0.311,
        0.011,
        0.012,
        0.154,
        0.051,
        0.255,
        0.389,
        0.145,
        0.018,
        0.058,
        0.059,
        0.034,
        0.139,
        0.024,
        0.016,
        0.103,
        0.025,
        0.373,
        0.68,
        0.052,
        0.06,
        0.052,
        0.051,
        0.887,
        0.041,
        0.017,
        0.012,
        0.014,
        0.561,
        0.064
    ],
    "intersection": [
        7.952349824487699,
        17.708968097682867,
        8.938139384640666,
        2.520546482444964,
        0.0,
        7.0313986764657965,
        9.943027311791973,
        5.58885784419759,
        8.842144349446958,
        4.284168840066429,
        9.955109822310478,
        11.958542723891522,
        8.146199492800532,
        6.400556707190599,
        9.600696880559624,
        6.123320727706725,
        8.320959744518923,
        4.810690043653777,
        7.645322523283044,
        11.398475868195604,
        12.743134112793808,
        8.461225813008937,
        7.316184123054645,
        0.722572731479024,
        9.136235468850987,
        0.0,
        9.400388526188847,
        2.4807041032123704,
        10.873415320797442,
        17.879175903197723,
        8.589719704190376,
        16.52998374067993,
        3.6701459598729906,
        9.455534011827973,
        11.563472806138872,
        1.3775076836979268,
        4.08728209227407,
        3.501975050391879,
        10.127250109156702,
        7.10360979508602,
        7.722143826420467,
        1.0107362012983065,
        3.699879935387708,
        11.623020028075253,
        6.997082352029628,
        9.025150140830096,
        10.463425983413362,
        1.01827059053085,
        13.110097045030429,
        2.404308346457368,
        7.178245356348596,
        7.8046344944564945,
        2.4660889108507105,
        13.412224559219442
    ]
}