{
    "model_type": "EQUIDOCK",
    "IRMSD": [
        11.987371444702148,
        14.08718204498291,
        13.385456085205078,
        13.410935401916504,
        8.529509544372559,
        7.327114105224609,
        9.720145225524902,
        13.057255744934082,
        8.133973121643066,
        16.62726402282715,
        12.911243438720703,
        13.318020820617676,
        11.61668586730957,
        13.557403564453125,
        11.770814895629883,
        6.336938858032227,
        18.163854598999023,
        40.1824836730957,
        12.735904693603516,
        13.21501636505127,
        14.655168533325195,
        3.928663969039917,
        11.737251281738281,
        10.316987991333008,
        9.356035232543945,
        3.5452215671539307,
        14.374953269958496,
        13.624414443969727,
        13.557058334350586,
        12.722991943359375,
        12.314400672912598,
        8.217547416687012,
        12.677504539489746,
        10.383882522583008,
        17.102460861206055,
        8.497589111328125,
        9.33041763305664,
        19.874195098876953,
        8.09839153289795,
        23.647907257080078,
        7.479500770568848,
        14.685876846313477,
        14.698640823364258,
        11.045686721801758,
        9.97187614440918,
        11.945664405822754,
        11.919272422790527,
        13.272418022155762,
        16.09101676940918,
        18.792163848876953,
        11.74421215057373,
        4.323564052581787,
        16.10466766357422,
        16.362661361694336
    ],
    "CRMSD": [
        13.196222305297852,
        21.57291030883789,
        16.399511337280273,
        18.898033142089844,
        13.642962455749512,
        12.230417251586914,
        15.720935821533203,
        14.715126991271973,
        12.575227737426758,
        23.163984298706055,
        21.901521682739258,
        14.274371147155762,
        7.891768455505371,
        15.21102237701416,
        16.62382698059082,
        8.63351058959961,
        15.795042037963867,
        34.970462799072266,
        18.230138778686523,
        13.094346046447754,
        14.484048843383789,
        5.9505615234375,
        13.902366638183594,
        12.252654075622559,
        14.328238487243652,
        4.382347106933594,
        11.737483978271484,
        23.828636169433594,
        20.737552642822266,
        9.114288330078125,
        15.720973014831543,
        5.378818511962891,
        23.625511169433594,
        16.511579513549805,
        13.3843994140625,
        9.130332946777344,
        13.19861125946045,
        18.269968032836914,
        14.109959602355957,
        14.363615989685059,
        14.020452499389648,
        26.58541488647461,
        11.817534446716309,
        10.800169944763184,
        15.117626190185547,
        19.86722755432129,
        15.36794376373291,
        11.293174743652344,
        12.1126070022583,
        22.477458953857422,
        16.562427520751953,
        4.552504062652588,
        13.992525100708008,
        14.011863708496094
    ],
    "TMscore": [
        1.0,
        1.0,
        1.0,
        1.0,
        1.0,
        1.0,
        1.0,
        1.0,
        1.0,
        1.0,
        1.0,
        1.0,
        1.0,
        1.0,
        1.0,
        1.0,
        1.0,
        1.0,
        1.0,
        1.0,
        1.0,
        1.0,
        1.0,
        1.0,
        1.0,
        1.0,
        1.0,
        1.0,
        1.0,
        1.0,
        1.0,
        1.0,
        1.0,
        1.0,
        1.0,
        1.0,
        1.0,
        1.0,
        1.0,
        1.0,
        1.0,
        1.0,
        1.0,
        1.0,
        1.0,
        1.0,
        1.0,
        1.0,
        1.0,
        1.0,
        1.0,
        1.0,
        1.0,
        1.0
    ],
    "DockQ": [
        0.07,
        0.023,
        0.021,
        0.029,
        0.056,
        0.083,
        0.088,
        0.029,
        0.036,
        0.007,
        0.023,
        0.027,
        0.063,
        0.029,
        0.023,
        0.081,
        0.032,
        0.004,
        0.035,
        0.024,
        0.027,
        0.23,
        0.039,
        0.04,
        0.086,
        0.355,
        0.033,
        0.018,
        0.029,
        0.089,
        0.022,
        0.102,
        0.012,
        0.037,
        0.031,
        0.051,
        0.045,
        0.021,
        0.071,
        0.014,
        0.071,
        0.006,
        0.041,
        0.035,
        0.04,
        0.028,
        0.048,
        0.086,
        0.05,
        0.014,
        0.017,
        0.332,
        0.031,
        0.02
    ],
    "intersection": [
        4.138833938132887,
        17.248274045263354,
        7.6897666053796065,
        31.639923889512445,
        12.993630391117971,
        4.558538904537527,
        40.30506983784496,
        29.342613946241833,
        9.946782128655947,
        24.08640913385593,
        31.166393019475187,
        6.825118229647405,
        9.850759616191954,
        23.184859808060992,
        27.96620993359528,
        15.54234719506488,
        1.7767420012700832,
        24.758878941496477,
        22.231022503594858,
        25.301988763746156,
        14.132760649406174,
        0.26559225073291437,
        14.161438784137484,
        9.05984536748604,
        35.02289047698516,
        2.845827913142182,
        17.106326281872594,
        30.680138650851312,
        13.029360143069809,
        5.6249277988895,
        18.118950012808664,
        24.65012879282826,
        11.290472335032867,
        41.223438480001164,
        1.2131979054815474,
        31.529928283813916,
        13.207740427285204,
        7.102959140528502,
        28.968949455272664,
        0.0,
        19.455751955779828,
        11.153078716499142,
        5.143565626501564,
        1.8263370392746858,
        14.793929147488425,
        10.762906195272773,
        28.58241275041786,
        7.083505651517902,
        10.830952064451935,
        20.48842521058007,
        20.16842577713722,
        4.4040113348979455,
        14.796221004132262,
        20.441801887785463
    ]
}