{
    "model_type": "DIFFDOCK-PP",
    "IRMSD": [
        13.309585571289062,
        16.76137351989746,
        14.158955574035645,
        9.787470817565918,
        9.569812774658203,
        13.1933012008667,
        11.277745246887207,
        7.166048526763916,
        14.539923667907715,
        26.037294387817383,
        6.021041393280029,
        18.102001190185547,
        15.410099983215332,
        12.081948280334473,
        14.480120658874512,
        17.306777954101562,
        17.486162185668945,
        40.49669647216797,
        7.570884704589844,
        15.538100242614746,
        12.325467109680176,
        2.4047749042510986,
        10.695695877075195,
        13.959917068481445,
        12.08930778503418,
        1.9680101871490479,
        14.565971374511719,
        5.214024066925049,
        12.92360782623291,
        6.037260055541992,
        2.6681458950042725,
        7.981995105743408,
        17.222043991088867,
        11.413891792297363,
        11.305957794189453,
        5.963530540466309,
        3.4984817504882812,
        7.66294527053833,
        11.155082702636719,
        14.31912899017334,
        9.475150108337402,
        16.77342414855957,
        14.578655242919922,
        20.251510620117188,
        14.127758026123047,
        17.621034622192383,
        5.965448379516602,
        4.359975814819336,
        14.055549621582031,
        22.88967514038086,
        10.090200424194336,
        9.081618309020996,
        13.798032760620117,
        10.940407752990723
    ],
    "CRMSD": [
        10.751583099365234,
        12.718236923217773,
        15.55451774597168,
        13.44406509399414,
        10.863402366638184,
        20.908140182495117,
        9.989588737487793,
        8.127153396606445,
        14.382904052734375,
        24.458364486694336,
        4.376560211181641,
        16.364042282104492,
        11.591538429260254,
        11.600707054138184,
        16.755285263061523,
        11.599088668823242,
        16.9190616607666,
        32.82404708862305,
        9.532896041870117,
        11.675786972045898,
        9.8790922164917,
        4.450488567352295,
        12.289103507995605,
        14.151349067687988,
        9.852436065673828,
        1.685133457183838,
        9.719355583190918,
        4.386624813079834,
        22.57881736755371,
        4.283825874328613,
        4.445243835449219,
        5.907900333404541,
        16.85072898864746,
        13.462142944335938,
        15.317481994628906,
        5.604973316192627,
        3.007178544998169,
        14.717473983764648,
        12.759306907653809,
        8.699838638305664,
        10.918463706970215,
        25.014842987060547,
        11.236246109008789,
        16.54889488220215,
        11.85171127319336,
        21.65973472595215,
        8.7522611618042,
        4.802664756774902,
        11.194798469543457,
        27.668827056884766,
        12.234448432922363,
        12.601810455322266,
        12.11650276184082,
        13.1570405960083
    ],
    "TMscore": [
        1.0,
        1.0,
        1.0,
        1.0,
        1.0,
        1.0,
        1.0,
        1.0,
        1.0,
        1.0,
        1.0,
        1.0,
        1.0,
        1.0,
        1.0,
        1.0,
        1.0,
        1.0,
        1.0,
        1.0,
        1.0,
        1.0,
        1.0,
        1.0,
        1.0,
        1.0,
        1.0,
        1.0,
        1.0,
        1.0,
        1.0,
        1.0,
        1.0,
        1.0,
        1.0,
        1.0,
        1.0,
        1.0,
        1.0,
        1.0,
        1.0,
        1.0,
        1.0,
        1.0,
        1.0,
        1.0,
        1.0,
        1.0,
        1.0,
        1.0,
        1.0,
        1.0,
        1.0,
        1.0
    ],
    "DockQ": [
        0.033,
        0.038,
        0.029,
        0.101,
        0.048,
        0.014,
        0.062,
        0.116,
        0.031,
        0.005,
        0.182,
        0.023,
        0.04,
        0.065,
        0.019,
        0.026,
        0.025,
        0.002,
        0.085,
        0.035,
        0.063,
        0.353,
        0.071,
        0.058,
        0.049,
        0.483,
        0.046,
        0.18,
        0.017,
        0.151,
        0.285,
        0.06,
        0.019,
        0.043,
        0.03,
        0.13,
        0.237,
        0.055,
        0.046,
        0.051,
        0.055,
        0.013,
        0.04,
        0.021,
        0.036,
        0.02,
        0.129,
        0.179,
        0.044,
        0.012,
        0.027,
        0.044,
        0.045,
        0.028
    ],
    "intersection": [
        0.06833519552173072,
        1.3830878221349603,
        0.742862057764317,
        0.4047100168335066,
        0.08321803844737138,
        0.16192525781698447,
        0.0,
        0.2629524081634169,
        0.11547278232257394,
        0.2812758713808079,
        0.3103480388060702,
        0.38744161327972965,
        0.14879861653160814,
        0.2986821044515222,
        1.0523183319477436,
        0.3204447643158699,
        0.21236599806877615,
        0.04614072045298563,
        2.099514280202841,
        1.7181302173243822,
        0.0,
        0.30914343516737725,
        0.25150982522240206,
        0.0,
        0.3158946027344987,
        0.046839659762742625,
        0.7530653714131486,
        0.5635127387510345,
        0.31565863608835865,
        0.04121389285468068,
        0.28046775062042095,
        0.6625851760747569,
        0.24508479448064754,
        0.0,
        0.08370358166156631,
        0.06788496827925522,
        0.0,
        0.23781619318999564,
        0.17005379821438985,
        0.037769635668936506,
        0.7725251430337783,
        0.08298504591586317,
        0.38029088913995457,
        0.1823079093132462,
        0.0,
        0.22039637416426883,
        0.519859362509385,
        0.0,
        0.4470573029699793,
        0.11240202567451049,
        0.3100776193979681,
        0.08109112139072043,
        0.036374265335888015,
        0.014720411010119562
    ]
}