{
    "model_type": "HDOCK",
    "IRMSD": [
        0.14089061319828033,
        0.30345386266708374,
        0.4580293893814087,
        0.2342483103275299,
        0.2225656509399414,
        22.03667449951172,
        0.3319370150566101,
        0.410864919424057,
        0.22573141753673553,
        0.5439658164978027,
        26.73082160949707,
        0.2246416211128235,
        0.25976401567459106,
        13.842833518981934,
        0.222823366522789,
        0.31365492939949036,
        0.23711441457271576,
        19.443574905395508,
        0.2828097939491272,
        0.24254822731018066,
        0.29218775033950806,
        0.39051932096481323,
        0.2382839471101761,
        0.5595009326934814,
        0.18903233110904694,
        0.17647016048431396,
        0.23510977625846863,
        0.2321748435497284,
        0.2342584729194641,
        0.2919330298900604,
        0.2248978465795517,
        21.094879150390625,
        0.46457749605178833,
        0.34300896525382996
    ],
    "CRMSD": [
        0.14712181687355042,
        0.37666454911231995,
        0.4574778378009796,
        0.19760094583034515,
        0.45351359248161316,
        20.14436149597168,
        0.48674577474594116,
        0.33044928312301636,
        0.21023686230182648,
        1.5785489082336426,
        26.1016788482666,
        0.2188277393579483,
        0.346247136592865,
        26.07459831237793,
        0.2159733921289444,
        0.28571149706840515,
        0.2632797062397003,
        20.804672241210938,
        0.4233492910861969,
        0.23276874423027039,
        0.37894123792648315,
        0.7297942638397217,
        0.21386751532554626,
        1.8576856851577759,
        0.2758518159389496,
        0.16727037727832794,
        0.566272497177124,
        0.362525999546051,
        0.2789742946624756,
        0.26989877223968506,
        0.444575697183609,
        15.557342529296875,
        0.731213390827179,
        0.4710441529750824
    ],
    "TMscore": [
        1.0,
        1.0,
        1.0,
        1.0,
        1.0,
        1.0,
        1.0,
        1.0,
        1.0,
        1.0,
        1.0,
        1.0,
        1.0,
        1.0,
        1.0,
        1.0,
        1.0,
        1.0,
        1.0,
        1.0,
        1.0,
        1.0,
        1.0,
        1.0,
        1.0,
        1.0,
        1.0,
        1.0,
        1.0,
        1.0,
        1.0,
        1.0,
        1.0,
        1.0
    ],
    "DockQ": [
        0.996,
        0.982,
        0.975,
        0.992,
        0.977,
        0.008,
        0.971,
        0.972,
        0.991,
        0.838,
        0.009,
        0.991,
        0.98,
        0.014,
        0.992,
        0.98,
        0.989,
        0.007,
        0.981,
        0.985,
        0.984,
        0.932,
        0.991,
        0.728,
        0.989,
        0.991,
        0.976,
        0.979,
        0.989,
        0.981,
        0.93,
        0.017,
        0.917,
        0.977
    ],
    "intersection": [
        1.1333973470766574,
        0.86692341868201,
        0.17625663203326203,
        0.8596996537189276,
        0.843913680928521,
        0.1218074570376639,
        0.464999448861927,
        0.41981933446108777,
        1.154918843547482,
        0.38902135230321677,
        0.2920161217846087,
        0.43154242824601585,
        0.4068416441593805,
        0.007506435137667966,
        0.6594994781223187,
        0.6291190863860997,
        0.9373696013261648,
        0.11640978051400155,
        0.7533854109826262,
        1.0594699091254567,
        0.6164328521478712,
        0.7695629022390302,
        0.11060693037428987,
        0.658476045316002,
        0.23211644862369396,
        0.23590585180002882,
        0.6802432350395757,
        0.7615670071732724,
        0.298451592924151,
        1.3082443336070688,
        0.12986995520737327,
        1.310498219767885,
        0.9689876939930864,
        0.7454013818186112
    ]
}